Image,object,
Person11_1,foamDart,
Person11_2,foamDart,
Person11_3,rainbowPens,
Person11_4,rainbowPens,
Person11_5,eyeball,
Person11_6,eyeball,
Person11_7,eyeball,foamDart
Person11_8,foamDart,
Person11_9,foamDart,
Person11_10,cactusPaper,
Person11_11,cactusPaper,
Person11_12,cactusPaper,
Person11_13,giftBag,
Person11_14,foamDart,
Person11_15,cupcakePaper,
Person11_16,rainbowPens,
Person11_17,noisemaker,
Person11_18,noisemaker,
Person11_19,eyeball,
Person11_20,giftBag,
Person11_21,rainbowPens,
Person11_22,cupcakePaper,
Person11_23,rainbowPens,
Person11_24,foamDart,
Person11_25,cupcakePaper,
Person11_26,rainbowPens,
Person11_27,rainbowPens,
Person11_28,hairClip,
Person11_29,cactusPaper,
Person11_30,giftBag,