Person,Image,Caption,object
Person33,Person33_42,Tortoise racing for life,redWhistle
Person33,Person33_17,Be the pop of color that can illuminate the monochromatic lives of others.,redWhistle
Person33,Person33_31,Tortoise at Gym building Muscles,redWhistle
Person33,Person33_53,Rolling dice in a stable position,redWhistle
Person33,Person33_1,"The things are not always where you think they are, even if you see them with your own eyes.
",redWhistle
Person33,Person33_34,Tortoise is trying to blow the whistle ,redWhistle
Person33,Person33_61,Rolling dice showing its magic number,redWhistle
Person33,Person33_56,Tortoise Dragging Rocket to the launch pad,redWhistle
Person33,Person33_4,"Six might be considered a lucky number by common people but for a mathematician it is the smallest perfect number.
",redWhistle
Person33,Person33_39,Slow tortoise in a pace to meet its friends on its bike,redWhistle
Person33,Person33_47,Tortoise in Group confronting Evil Tortoise,redWhistle
Person33,Person33_9,"Keep your eyes on the stars, and your feet on the ground.",redWhistle
Person33,Person33_12,"More than 1 billion rural people depend on forests to some extent, and over 90 percent of people living in extreme poverty depend on forests for all or part of their livelihoods",redWhistle
Person33,Person33_40,Rocket in colorful Multiverse,redWhistle
Person33,Person33_15,"As one climbs the stairs of success in life, luck plays an important factor in deciding lifes path. Probability and possibility are added coefficients to hard work and perseverance when it comes to calculating lifes success equation.",redWhistle
Person33,Person33_3,"Why cant humans hear a dog whistle? 
 Maybe because dogs cant whistle.",redWhistle
Person33,Person33_33,Tortoise trying hard to get his number,redWhistle
Person33,Person33_51,NASA astronaut in Made in China spacecraft isnt something fishy?,redWhistle
Person33,Person33_48,Tortoise looking to climb the tower,redWhistle
Person33,Person33_6,"Someone tried to blow up these chains with a toy rocket even he knows the earth is not flat.
",redWhistle
Person33,Person33_36,Laborious tortoise trying to show its strengths,redWhistle
Person33,Person33_54,Tortoise rising high after climbing the tower,redWhistle
Person33,Person33_45,In a hurry to meet the finish line. Cheerleader awaiting them,redWhistle
Person33,Person33_59,Rocket in the white sky after launch but with a red tail,redWhistle
Person33,Person33_35,Tortoise fed up of its slow moving life..committing suicide,redWhistle
Person33,Person33_60,Green Tortoise trying to save its friend from evil white Tortoise,redWhistle
Person33,Person33_57,Rocket Ignition Started t-1 sec and it is monitored by the Mystery man,redWhistle
Person33,Person33_29,Tortoise with wings,redWhistle
Person33,Person33_5,"In case you are waiting so long for the elevator, please feel free to use the whistle.",redWhistle
Person33,Person33_38,Slow motion race. lets see who comes first,redWhistle
Person33,Person33_46,So sweet tired little tortoise got its ride back to home,redWhistle
Person33,Person33_8,"Im pretty sure everything in this picture somehow comes from oil. Plastic whistle, the dice, the missile, color on the wall and of course the electricity.",redWhistle
Person33,Person33_24,An assembly of random items that resulted in something meaningful.,redWhistle
Person33,Person33_13,Nature is a miracle we depend upon.,redWhistle
Person33,Person33_43,Tortoise in an entertaining world trying to enjoy the worldly pleasures,redWhistle
Person33,Person33_21,Identify the artificial things even though they might look like they are the same.,redWhistle
Person33,Person33_30,Tortoise with a girl in pub,redWhistle
Person33,Person33_52,Tortoises having party,redWhistle
Person33,Person33_49,White tortoise is happy of its new camouflage ,redWhistle
Person33,Person33_7,May your coffee be strong and your life be colorful.,redWhistle
Person33,Person33_37,Astronaut ready to invade into space with its craft,redWhistle
Person33,Person33_55,Tortoise walking in Circus of uncertainty,redWhistle
Person33,Person33_44,Emergence of a new leader,redWhistle
Person33,Person33_58,Tortoise in Shock to see the balanced Dice,redWhistle
Person33,Person33_41,Rocket ready to take off t-10 sec,redWhistle
Person33,Person33_23,Balance is a delicate thing. One gust of wind and things can go downhill.,redWhistle
Person33,Person33_14,Getting perspective in life and planning isnt easy.  It is said that life is what happens when you keep planning it. God rolls a dice and your life changes in an instant.,redWhistle
Person33,Person33_2,"Globally, we generate about 1.3 billion tons of trash per year. In Germany alone, this amounts to a whopping 3 million tons of plastic packaging waste annually.
",redWhistle
Person33,Person33_32,Tortoise chained in slavery,redWhistle
Person33,Person33_50,"Red spiraled green tortoises new look...ready for fashion show
",redWhistle
Person28,Person28_5,"I hang the cowbell onto my schoolbag! I walked home at night along the side of the road. The cowbell rang along with the sound of the wind and the passing cars.
",redWhistle
Person28,Person28_2,"Actually, the spider is under the protect of the spider web. The spider is waiting the dragonfly to put itself into the web.
",redWhistle
Person28,Person28_4,"When I came back to the lab tonight, I found an apple hung on the doorknob.
",redWhistle
Person28,Person28_1,"The dragonfly sees a spider (ring) and wants to eat it as dinner. The dragonfly is confident in itself.
",redWhistle
Person28,Person28_3,"Sticker box meets the black hair clip. Sticker box: Hey, buddy. Why do you look like a crab? Black hair clip: I was kidnapped! Oh, you are laughing at me! Sticker box: I can only laugh......
",redWhistle
Person26,Person26_1,"A great day to craft. I wonder how much of a mess I can make today.
",redWhistle
Person26,Person26_4,"Plague apocalypse survival kit.
",redWhistle
Person26,Person26_3,"Uh oh. Someone is going to have a bad when they realize they cant drive home from the park.
",redWhistle
Person26,Person26_5,"This is as close as I will get to a thunderstorm here. Not missing my soggy home.
",redWhistle
Person26,Person26_2,"The cat of destruction has struck the innocent again.
",redWhistle
Person27,Person27_12,"My girlfriend is really sweet! But I don't think the pink candle goes well with tiramisu.
",redWhistle
Person27,Person27_4,"The sun is so bright today, my sunglasses just came in handy.
",redWhistle
Person27,Person27_9,"Look what we found in the yellow leaves! A rainbow colored bracelet!
",redWhistle
Person27,Person27_1,"Look what we found in the glasses! A blank 3D printed carabiner!
",redWhistle
Person27,Person27_10,"I was at a party, and you know what's interesting about this party? If you're single you wear a lego bracelet on your left wrist, otherwise on your right hand.
",redWhistle
Person27,Person27_6,"I suddenly realized how handsome my little tiger looked in these blue sunglasses.
",redWhistle
Person27,Person27_3,"Of all our 3d-printed creations, the black hook is the one we're most proud of.
",redWhistle
Person27,Person27_5,"Hey! Look! The little tiger in the sunglasses is reading a book!
",redWhistle
Person27,Person27_13,"I found a cute pumpkin notebook next to sticky notes under the message wall.
",redWhistle
Person27,Person27_8,"This pink foam hair roller really works! My bangs look great in the morning!
",redWhistle
Person27,Person27_14,"My cute pumpkin notebook is just the same size as the sticky note.
",redWhistle
Person27,Person27_2,"We've just used a 3D printer to print a black hook that looks strong and can hold tens of kilograms.
",redWhistle
Person27,Person27_7,"My desk is a mess, with useless sunglasses and the black 3d-printed carabiner.",redWhistle
Person27,Person27_11,"I am wandering who accidentally left his cute Lego bracelet on the grass.
",redWhistle
Person3,Person3_10,"10. unstacking these waxy color sticks was fun on its own.
",redWhistle
Person3,Person3_1,"1. good ideas are like blue orbs
",redWhistle
Person3,Person3_9,"9. There were a lot of colors available
",redWhistle
Person3,Person3_18,"18. If my head was transparent
",redWhistle
Person3,Person3_4,"4. the metal is in focus and this is a great example of depth of field
",redWhistle
Person3,Person3_15,"15. The drawing tool drew itself. Very meta.
",redWhistle
Person3,Person3_22,"22. We made a color fort with a very small interior
",redWhistle
Person3,Person3_12,"12. the paper clip doesn't clip anything other than paper apparently. My apple was not securely held in this bag. 0 of 5 starts. VERY DISAPPOINTED! WOULD NOT RECOMMEND !
",redWhistle
Person3,Person3_3,"3. this paper clip reminds me of the spaceship from Galaga!
",redWhistle
Person3,Person3_6,"6. The banana bell went back on the shelf. It was not my fav.
",redWhistle
Person3,Person3_20,"20. Seems like we're just happy to be taking a break.
",redWhistle
Person3,Person3_17,"17. My back-lit balloon buddy
",redWhistle
Person3,Person3_8,"8. That foil pumpkin on the cover is inspiring me to make some art.
",redWhistle
Person3,Person3_19,"19. Now ballon buddy won't even look at me.
",redWhistle
Person3,Person3_5,"5. In this example our depth of field focuses on the blue ball
",redWhistle
Person3,Person3_14,"14. I sketched a still life of my deflated yellow friend.
",redWhistle
Person3,Person3_23,"23. Packed up my favorite pumpkin sketchbook for the day. Time to go home
",redWhistle
Person3,Person3_11,"11. I made a rainbow mess
",redWhistle
Person3,Person3_7,"7. COLORING TIME!!!
",redWhistle
Person3,Person3_21,"21. Hanging upside will bring a smile to any oval's face
",redWhistle
Person3,Person3_16,"16. These stacked rainbow marks were my favorite
",redWhistle
Person3,Person3_13,"13. is this art or can it go away?
",redWhistle
Person3,Person3_24,"24. I'm not sure how this violent color matchup came to be
",redWhistle
Person3,Person3_2,"2. crystal stones can sometimes be face-melting. Just look at this guy
",redWhistle
Person37,Person37_17,"Someone dropped a pair of purple sticks on grassland. May I pick them
",redWhistle
Person37,Person37_2,"The sound of this spinner is quite interesting.
",redWhistle
Person37,Person37_5,"It haven't rained here for a long time. Every day is sunny and I hope for a heavy rain.
",redWhistle
Person37,Person37_22,"Can I generate electricity from these two pink plastic sticks
",redWhistle
Person37,Person37_8,"I found a hair roller on the desk.
",redWhistle
Person37,Person37_18,"My cousin broke my LED spinner by dropping it on a rock. What a bad day!
",redWhistle
Person37,Person37_10,"I won a cloud and lightning decoration in the spinning game.
",redWhistle
Person37,Person37_13,"""After a bolt of lightning hit the emoji plate, a pink thing appeared. A gift from the god! But what does this mean""
",redWhistle
Person37,Person37_24,"I made a safe dart that won't hurt anyone.
",redWhistle
Person37,Person37_3,"I found it very fun to play a LED spinner. It shines when rotating. I want to know the mechanism behind.
",redWhistle
Person37,Person37_21,"Can I shoot the smiley emoji with the dart five meters away
",redWhistle
Person37,Person37_1,"We are going to watch a football match and cheer for the school team.
",redWhistle
Person37,Person37_14,"Are these things enough to hold a party
",redWhistle
Person37,Person37_23,"I want to connect the whistle with gold shiny tape to the LED spinner. It should be very good-looking when they rotate!
",redWhistle
Person31,Person31_2,"The sun shines a lot, the small turtle builds up a big umbrealla with a rainball. He stays there happliy. ",redWhistle
Person31,Person31_3,"Some hours later, his friend Dr.Duck comes - ""Hi, Mr Turtle, how's things going on?"", Said the duck.The turtle answers: ""Very good, you see my new sun glasses and umbrealla?"" ""Cool!""

The duck left. ",redWhistle
Person31,Person31_4,"The turtle swimmed in a while in the sea, and found a very big diamond! Today is really a lucky day for it.",redWhistle
Person31,Person31_1,"A day of a turtle 

It is a sunny day. A turtle lives happily in an 'emoji island'. ",redWhistle
Person36,Person36_8,"Sports have been cancelled
",redWhistle
Person40,Person40_10,The red attracts cats. Watch out!,redWhistle
Person40,Person40_6,Tienes la llave de mi corazon?,redWhistle
Person40,Person40_9,the miracle at gatech.edu in eraser form,redWhistle
Person14,Person14_5,this spinner is fun to watch,redWhistle
Person14,Person14_6,in minicard bridge doubles are halved,redWhistle
Person14,Person14_1,prophetic decorations for todays weather,redWhistle
Person14,Person14_13,my pink candle keeps blowing out in the wind,redWhistle
Person14,Person14_9,"a maple leaf pencil reminds me of home
",redWhistle
Person13,Person13_10,"""Anyone else ever hang their glasses from the door, or is that just me?""
",redWhistle
Person13,Person13_27,"""Teaser for the beach party later, people""
",redWhistle
Person13,Person13_18,"Glad everyone enjoyed the cupcakes so much that the leftovers ended up on the floor.
",redWhistle
Person13,Person13_22,"I'm going to say he enjoyed the cupcake...
",redWhistle
Person13,Person13_8,"Leftover goodies from the kid's party.
",redWhistle
Person13,Person13_25,"Small playing cards are the only playing cards.
",redWhistle
Person13,Person13_34,"One heck of a party for that to end up there...
",redWhistle
Person13,Person13_5,"Anyone order a loud party?
",redWhistle
Person13,Person13_20,"""Thanks for not throwing this stuff away, guys.""
",redWhistle
Person13,Person13_11,"So excited about my new bird whistle
",redWhistle
Person13,Person13_6,"Cool shades ready for the day? Check.
",redWhistle
Person13,Person13_37,"Anyone else hang their sunglasses off their dishwasher? Just me? Thought so.
",redWhistle
Person13,Person13_30,"Practicing for the casino tonight
",redWhistle
Person13,Person13_9,"This plate is cool enough to be a decoration
",redWhistle
Person13,Person13_4,"Ready for poker night tonight
",redWhistle
Person7,Person7_10,"The scarlet red whistle goes well with dark green leaves.
",redWhistle
Person7,Person7_7,"Sunshine makes smilies smiley.
",redWhistle
Person7,Person7_2,"Its sunny out here. Lucky me. I have my lovely blue sunglasses with me.
",redWhistle
Person7,Person7_15,"Can I huck this pencil over them buildings?
",redWhistle
Person7,Person7_8,"Who am I? A calabash with sunglasses.
",redWhistle
Person7,Person7_12,"All of my belongings today.
",redWhistle
Person7,Person7_5,"Can I use the sunglasses as swimming goggles?
",redWhistle
Person7,Person7_17,"Does a table football need a referee with a whistle?
",redWhistle
Person7,Person7_3,"2 leaves & 6 on the dice
",redWhistle
Person7,Person7_14,"What can a trophy do? Holding my pencil?
",redWhistle
Person7,Person7_11,"My swimming trophy is in the swimming pool.
",redWhistle
Person7,Person7_6,"Can you find me? Im a lonely brown dice on the green grass.
",redWhistle
Person7,Person7_1,"Paper and a pencil are here. I wanna write but I cant.
",redWhistle
Person7,Person7_16,"A brown cube dice with green-blue square tiles.
",redWhistle
Person7,Person7_9,"Ive just won a swimming race. Here is my trophy and a whistle I nicked from my coach.
",redWhistle
Person7,Person7_13,"Could you please help me find my trophy?
",redWhistle
Person7,Person7_4,"Trophy and sunset by the swimming pool
",redWhistle
Person24,Person24_1,"The World's hardest game of solitaire
",redWhistle
Person12,Person12_6,"I've been in dire need of a new hair clip
",redWhistle
Person12,Person12_12,"Lego bracelets are spring's hottest fashion statement
",redWhistle
Person12,Person12_3,"Cacti are on the list
",redWhistle
Person12,Person12_15,"Hopefully this pumpkin can start a vibrant patch
",redWhistle
Person12,Person12_10,"These noisemakers are the right color for Northwestern games
",redWhistle
Person12,Person12_1,"This empty yellow bag might blow away from the river wind
",redWhistle
Person15,Person15_7,erasing my banana doodle with pink eraser,redWhistle
Person15,Person15_13,"a villainous recording
",redWhistle
Person15,Person15_11,tossing a jet ball,redWhistle
Person15,Person15_5,"golden glover ender inciarte tripping over this massive hair roller
",redWhistle
Person15,Person15_3,hello world written on the sign,redWhistle
Person15,Person15_9,braves hofer andruw jones was never seen w/o his trust bird whistle,redWhistle
Person15,Person15_1,supporting the lads with these noisemaker sticks,redWhistle
